pattern_id;pattern_type;descript;expl_id;factor1;factor2;factor3;factor4;factor5;factor6;factor7;factor8;factor9;factor10;factor11;factor12;factor13;factor14;factor15;factor16;factor17;factor18;factor19;factor20;factor21;factor22;factor23;factor24
example_hourly;HOURLY;Hourly pattern;1;1.2;2.1;2.2;1.8;1.2;1.4;2.9;1.2;1.3;1.1;1.2;1.4;2.8;1.1;1.2;2.8;1.2;1.4;2.9;1.2;1.3;1.1;1.2;1.4
example_daily;DAILY;Daily pattern;1;1.1;1.2;1.3;1.4;1.5;1.1;1.1
example_weekend;WEEKEND;Weekend pattern;1;0.8;1.1;1.2;2.8;1.2;1.4;2.9;1.2;1.3;1.1;1.2;1.4;2.8;1.1;1.2;2.8;1.2;1.4;2.9;1.2;1.3;1.1;1.2;1.4
example_montly;MONTHLY;Monthly pattern for all sectors (sector_id is null);;0.8;1.1;1.2;0.8;1.2;1.4;0.9;1.2;1.3;1.1;1.2;1.4
